"Country or Area","Year(s)","GENDER","EDUCATION LEVEL","RESIDENCE AREA","WEALTH QUINTILE","Value","Value Footnotes"
"Albania","2008","Male","","","","22.4",""
"Albania","2008","Female","","","","15.5",""
"Albania","2008","","","","Q1 (Poorest)","29.1",""
"Albania","2008","","","","Q2","9.8",""
"Albania","2008","","","","Q3","23.0",""
"Albania","2008","","","","Q4","17.5",""
"Albania","2008","","","","Q5 (Richest)","13.3",""
"Albania","2008","","","Urban","","12.4",""
"Albania","2008","","","Rural","","23.5",""
"Albania","2008","","Primary","","","21.1",""
"Albania","2008","","Secondary or higher","","","15.7",""
"Armenia","2010","Male","","","","17.0",""
"Armenia","2010","Female","","","","20.3",""
"Armenia","2010","","","","Q1 (Poorest)","21.0",""
"Armenia","2010","","","","Q2","21.4",""
"Armenia","2010","","","","Q3","17.3",""
"Armenia","2010","","","","Q4","12.0",""
"Armenia","2010","","","","Q5 (Richest)","20.7",""
"Armenia","2010","","","Urban","","16.3",""
"Armenia","2010","","","Rural","","22.0",""
"Armenia","2010","","Secondary or higher","","","18.6",""
"Armenia","2005","","","","Q1 (Poorest)","40.1",""
"Armenia","2005","","","","Q2","25.8",""
"Armenia","2005","","","","Q3","23.1",""
"Armenia","2005","","","","Q4","31.1",""
"Armenia","2005","","","","Q5 (Richest)","13.4",""
"Armenia","2005","Male","","","","29.0",""
"Armenia","2005","Female","","","","25.4",""
"Armenia","2005","","Secondary or higher","","","27.6",""
"Armenia","2005","","","Urban","","24.8",""
"Armenia","2005","","","Rural","","30.8",""
"Armenia","2000","","Secondary or higher","","","44.0",""
"Armenia","2000","","","Urban","","35.1",""
"Armenia","2000","","","Rural","","53.0",""
"Armenia","2000","Male","","","","45.3",""
"Armenia","2000","Female","","","","42.1",""
"Armenia","2000","","","","Q1 (Poorest)","52.9",""
"Armenia","2000","","","","Q2","50.5",""
"Armenia","2000","","","","Q3","36.8",""
"Armenia","2000","","","","Q4","47.7",""
"Armenia","2000","","","","Q5 (Richest)","26.1",""
"Azerbaijan","2006","Male","","","","54.9",""
"Azerbaijan","2006","Female","","","","41.0",""
"Azerbaijan","2006","","","","Q1 (Poorest)","52.3",""
"Azerbaijan","2006","","","","Q2","59.4",""
"Azerbaijan","2006","","","","Q3","52.0",""
"Azerbaijan","2006","","","","Q4","39.1",""
"Azerbaijan","2006","","","","Q5 (Richest)","34.1",""
"Azerbaijan","2006","","","Urban","","45.2",""
"Azerbaijan","2006","","","Rural","","52.0",""
"Azerbaijan","2006","","Secondary or higher","","","48.4",""
"Bangladesh","2007","Male","","","","60.7",""
"Bangladesh","2007","Female","","","","53.2",""
"Bangladesh","2007","","","Urban","","50.5",""
"Bangladesh","2007","","","Rural","","58.7",""
"Bangladesh","2007","","None","","","70.7",""
"Bangladesh","2007","","Primary","","","58.2",""
"Bangladesh","2007","","Secondary or higher","","","41.3",""
"Bangladesh","2007","","","","Q1 (Poorest)","66.2",""
"Bangladesh","2007","","","","Q2","67.1",""
"Bangladesh","2007","","","","Q3","62.4",""
"Bangladesh","2007","","","","Q4","46.1",""
"Bangladesh","2007","","","","Q5 (Richest)","35.9",""
"Bangladesh","2004","","","Urban","","72.3",""
"Bangladesh","2004","","","Rural","","71.9",""
"Bangladesh","2004","","None","","","81.3",""
"Bangladesh","2004","","Primary","","","72.7",""
"Bangladesh","2004","","Secondary or higher","","","53.5",""
"Bangladesh","2004","Male","","","","79.6",""
"Bangladesh","2004","Female","","","","64.0",""
"Bangladesh","2004","","","","Q1 (Poorest)","89.4",""
"Bangladesh","2004","","","","Q2","65.8",""
"Bangladesh","2004","","","","Q3","74.6",""
"Bangladesh","2004","","","","Q4","58.7",""
"Bangladesh","2004","","","","Q5 (Richest)","63.8",""
"Bangladesh","1999","","","Urban","","74.3",""
"Bangladesh","1999","","","Rural","","80.5",""
"Bangladesh","1999","","None","","","92.0",""
"Bangladesh","1999","","Primary","","","74.0",""
"Bangladesh","1999","","Secondary or higher","","","54.8",""
"Bangladesh","1999","Male","","","","81.8",""
"Bangladesh","1999","Female","","","","77.1",""
"Bangladesh","1999","","","","Q1 (Poorest)","92.2",""
"Bangladesh","1999","","","","Q2","93.8",""
"Bangladesh","1999","","","","Q3","78.1",""
"Bangladesh","1999","","","","Q4","63.1",""
"Bangladesh","1999","","","","Q5 (Richest)","57.3",""
"Bangladesh","1996","Male","","","","94.5",""
"Bangladesh","1996","Female","","","","84.0",""
"Bangladesh","1996","","","Urban","","72.5",""
"Bangladesh","1996","","","Rural","","90.9",""
"Bangladesh","1996","","","","Q1 (Poorest)","95.1",""
"Bangladesh","1996","","","","Q2","98.4",""
"Bangladesh","1996","","","","Q3","96.8",""
"Bangladesh","1996","","","","Q4","88.8",""
"Bangladesh","1996","","","","Q5 (Richest)","56.7",""
"Bangladesh","1996","","None","","","97.5",""
"Bangladesh","1996","","Primary","","","82.4",""
"Bangladesh","1996","","Secondary or higher","","","64.6",""
"Bangladesh","1993","Male","","","","107.2",""
"Bangladesh","1993","Female","","","","92.7",""
"Bangladesh","1993","","","Urban","","80.0",""
"Bangladesh","1993","","","Rural","","102.2",""
"Bangladesh","1993","","","","Q1 (Poorest)","114.6",""
"Bangladesh","1993","","","","Q2","117.4",""
"Bangladesh","1993","","","","Q3","93.3",""
"Bangladesh","1993","","","","Q4","91.7",""
"Bangladesh","1993","","","","Q5 (Richest)","70.3",""
"Bangladesh","1993","","None","","","112.9",""
"Bangladesh","1993","","Primary","","","88.4",""
"Bangladesh","1993","","Secondary or higher","","","57.2",""
"Benin","2006","","None","","","78.8",""
"Benin","2006","","Primary","","","72.6",""
"Benin","2006","","Secondary or higher","","","51.5",""
"Benin","2006","","","Urban","","65.5",""
"Benin","2006","","","Rural","","81.4",""
"Benin","2006","","","","Q1 (Poorest)","80.0",""
"Benin","2006","","","","Q2","83.0",""
"Benin","2006","","","","Q3","80.2",""
"Benin","2006","","","","Q4","78.1",""
"Benin","2006","","","","Q5 (Richest)","52.3",""
"Benin","2006","Male","","","","80.4",""
"Benin","2006","Female","","","","71.8",""
"Benin","2001","Male","","","","97.8",""
"Benin","2001","Female","","","","92.3",""
"Benin","2001","","","","Q1 (Poorest)","112.0",""
"Benin","2001","","","","Q2","108.9",""
"Benin","2001","","","","Q3","106.1",""
"Benin","2001","","","","Q4","78.4",""
"Benin","2001","","","","Q5 (Richest)","49.7",""
"Benin","2001","","","Urban","","72.9",""
"Benin","2001","","","Rural","","104.8",""
"Benin","2001","","None","","","100.3",""
"Benin","2001","","Primary","","","88.2",""
"Benin","2001","","Secondary or higher","","","53.0",""
"Benin","1996","","None","","","108.4",""
"Benin","1996","","Primary","","","93.8",""
"Benin","1996","","Secondary or higher","","","49.5","1"
"Benin","1996","","","","Q1 (Poorest)","119.4",""
"Benin","1996","","","","Q2","111.0",""
"Benin","1996","","","","Q3","105.9",""
"Benin","1996","","","","Q4","103.6",""
"Benin","1996","","","","Q5 (Richest)","63.3",""
"Benin","1996","","","Urban","","84.0",""
"Benin","1996","","","Rural","","112.4",""
"Benin","1996","Male","","","","109.1",""
"Benin","1996","Female","","","","97.6",""
"Bolivia (Plurinational State of)","2008","Male","","","","62.3",""
"Bolivia (Plurinational State of)","2008","Female","","","","52.8",""
"Bolivia (Plurinational State of)","2008","","None","","","106.9",""
"Bolivia (Plurinational State of)","2008","","Primary","","","63.9",""
"Bolivia (Plurinational State of)","2008","","Secondary or higher","","","36.0",""
"Bolivia (Plurinational State of)","2008","","","Urban","","42.6",""
"Bolivia (Plurinational State of)","2008","","","Rural","","74.2",""
"Bolivia (Plurinational State of)","2008","","","","Q1 (Poorest)","88.7",""
"Bolivia (Plurinational State of)","2008","","","","Q2","64.4",""
"Bolivia (Plurinational State of)","2008","","","","Q3","48.1",""
"Bolivia (Plurinational State of)","2008","","","","Q4","37.1",""
"Bolivia (Plurinational State of)","2008","","","","Q5 (Richest)","26.3",""
"Bolivia (Plurinational State of)","2003","","None","","","102.4",""
"Bolivia (Plurinational State of)","2003","","Primary","","","74.1",""
"Bolivia (Plurinational State of)","2003","","Secondary or higher","","","39.2",""
"Bolivia (Plurinational State of)","2003","Male","","","","71.2",""
"Bolivia (Plurinational State of)","2003","Female","","","","64.3",""
"Bolivia (Plurinational State of)","2003","","","Urban","","57.4",""
"Bolivia (Plurinational State of)","2003","","","Rural","","81.2",""
"Bolivia (Plurinational State of)","2003","","","","Q1 (Poorest)","87.3",""
"Bolivia (Plurinational State of)","2003","","","","Q2","81.7",""
"Bolivia (Plurinational State of)","2003","","","","Q3","63.4",""
"Bolivia (Plurinational State of)","2003","","","","Q4","50.7",""
"Bolivia (Plurinational State of)","2003","","","","Q5 (Richest)","32.6",""
"Bolivia (Plurinational State of)","1998","","None","","","111.9",""
"Bolivia (Plurinational State of)","1998","","Primary","","","86.7",""
"Bolivia (Plurinational State of)","1998","","Secondary or higher","","","40.8",""
"Bolivia (Plurinational State of)","1998","Male","","","","77.4",""
"Bolivia (Plurinational State of)","1998","Female","","","","68.9",""
"Bolivia (Plurinational State of)","1998","","","Urban","","52.9",""
"Bolivia (Plurinational State of)","1998","","","Rural","","99.5",""
"Bolivia (Plurinational State of)","1998","","","","Q1 (Poorest)","106.4",""
"Bolivia (Plurinational State of)","1998","","","","Q2","84.4",""
"Bolivia (Plurinational State of)","1998","","","","Q3","76.1",""
"Bolivia (Plurinational State of)","1998","","","","Q4","37.3",""
"Bolivia (Plurinational State of)","1998","","","","Q5 (Richest)","25.7",""
"Bolivia (Plurinational State of)","1994","Male","","","","90.9",""
"Bolivia (Plurinational State of)","1994","Female","","","","82.3",""
"Bolivia (Plurinational State of)","1994","","","","Q1 (Poorest)","116.0",""
"Bolivia (Plurinational State of)","1994","","","","Q2","95.7",""
"Bolivia (Plurinational State of)","1994","","","","Q3","92.9",""
"Bolivia (Plurinational State of)","1994","","","","Q4","63.5",""
"Bolivia (Plurinational State of)","1994","","","","Q5 (Richest)","38.0",""
"Bolivia (Plurinational State of)","1994","","None","","","122.7",""
"Bolivia (Plurinational State of)","1994","","Primary","","","99.6",""
"Bolivia (Plurinational State of)","1994","","Secondary or higher","","","48.3",""
"Bolivia (Plurinational State of)","1994","","","Urban","","68.7",""
"Bolivia (Plurinational State of)","1994","","","Rural","","106.0",""
"Brazil","1996","Male","","","","50.8",""
"Brazil","1996","Female","","","","44.2",""
"Brazil","1996","","","Urban","","41.6",""
"Brazil","1996","","","Rural","","65.3",""
"Brazil","1996","","","","Q1 (Poorest)","83.6",""
"Brazil","1996","","","","Q2","46.2",""
"Brazil","1996","","","","Q3","31.2",""
"Brazil","1996","","","","Q4","24.0",""
"Brazil","1996","","","","Q5 (Richest)","27.8",""
"Brazil","1996","","None","","","90.7",""
"Brazil","1996","","Primary","","","57.8",""
"Brazil","1996","","Secondary or higher","","","31.6",""
"Burkina Faso","2003","","","","Q1 (Poorest)","97.2",""
"Burkina Faso","2003","","","","Q2","108.7",""
"Burkina Faso","2003","","","","Q3","81.9",""
"Burkina Faso","2003","","","","Q4","93.2",""
"Burkina Faso","2003","","","","Q5 (Richest)","77.8",""
"Burkina Faso","2003","","","Urban","","70.3",""
"Burkina Faso","2003","","","Rural","","95.1",""
"Burkina Faso","2003","Male","","","","95.3",""
"Burkina Faso","2003","Female","","","","88.6",""
"Burkina Faso","2003","","None","","","94.2",""
"Burkina Faso","2003","","Primary","","","72.8",""
"Burkina Faso","2003","","Secondary or higher","","","73.4",""
"Burkina Faso","1998","","","","Q1 (Poorest)","107.6",""
"Burkina Faso","1998","","","","Q2","118.8",""
"Burkina Faso","1998","","","","Q3","116.7",""
"Burkina Faso","1998","","","","Q4","118.8",""
"Burkina Faso","1998","","","","Q5 (Richest)","74.2",""
"Burkina Faso","1998","","","Urban","","66.7",""
"Burkina Faso","1998","","","Rural","","113.6",""
"Burkina Faso","1998","Male","","","","116.4",""
"Burkina Faso","1998","Female","","","","101.2",""
"Burkina Faso","1998","","None","","","110.5",""
"Burkina Faso","1998","","Primary","","","94.2",""
"Cambodia","2010","Male","","","","66.1",""
"Cambodia","2010","Female","","","","48.0",""
"Cambodia","2010","","None","","","71.9",""
"Cambodia","2010","","Primary","","","61.6",""
"Cambodia","2010","","Secondary or higher","","","31.0",""
"Cambodia","2010","","","Urban","","21.9",""
"Cambodia","2010","","","Rural","","63.6",""
"Cambodia","2010","","","","Q1 (Poorest)","76.9",""
"Cambodia","2010","","","","Q2","70.2",""
"Cambodia","2010","","","","Q3","60.9",""
"Cambodia","2010","","","","Q4","38.2",""
"Cambodia","2010","","","","Q5 (Richest)","22.7",""
"Cambodia","2005","","","Urban","","65.1",""
"Cambodia","2005","","","Rural","","91.4",""
"Cambodia","2005","Male","","","","96.8",""
"Cambodia","2005","Female","","","","78.8",""
"Cambodia","2005","","None","","","110.4",""
"Cambodia","2005","","Primary","","","89.2",""
"Cambodia","2005","","Secondary or higher","","","44.9",""
"Cambodia","2005","","","","Q1 (Poorest)","100.2",""
"Cambodia","2005","","","","Q2","108.0",""
"Cambodia","2005","","","","Q3","97.3",""
"Cambodia","2005","","","","Q4","78.4",""
"Cambodia","2005","","","","Q5 (Richest)","34.6",""
"Cambodia","2000","","","Urban","","72.9",""
"Cambodia","2000","","","Rural","","95.7",""
"Cambodia","2000","","None","","","102.8",""
"Cambodia","2000","","Primary","","","93.5",""
"Cambodia","2000","","Secondary or higher","","","60.2",""
"Cambodia","2000","Male","","","","102.9",""
"Cambodia","2000","Female","","","","82.3",""
"Cambodia","2000","","","","Q1 (Poorest)","109.6",""
"Cambodia","2000","","","","Q2","108.7",""
"Cambodia","2000","","","","Q3","88.1",""
"Cambodia","2000","","","","Q4","89.0",""
"Cambodia","2000","","","","Q5 (Richest)","49.8",""
"Cameroon","2004","Male","","","","87.8",""
"Cameroon","2004","Female","","","","74.2",""
"Cameroon","2004","","","","Q1 (Poorest)","100.2",""
"Cameroon","2004","","","","Q2","91.1",""
"Cameroon","2004","","","","Q3","83.0",""
"Cameroon","2004","","","","Q4","62.9",""
"Cameroon","2004","","","","Q5 (Richest)","51.1",""
"Cameroon","2004","","None","","","94.1",""
"Cameroon","2004","","Primary","","","84.5",""
"Cameroon","2004","","Secondary or higher","","","58.6",""
"Cameroon","2004","","","Urban","","67.5",""
"Cameroon","2004","","","Rural","","91.2",""
"Cameroon","1998","","None","","","104.3",""
"Cameroon","1998","","Primary","","","74.6",""
"Cameroon","1998","","Secondary or higher","","","50.0",""
"Cameroon","1998","Male","","","","85.2",""
"Cameroon","1998","Female","","","","75.1",""
"Cameroon","1998","","","Urban","","61.7",""
"Cameroon","1998","","","Rural","","87.1",""
"Cameroon","1998","","","","Q1 (Poorest)","108.8",""
"Cameroon","1998","","","","Q2","87.3",""
"Cameroon","1998","","","","Q3","72.2",""
"Cameroon","1998","","","","Q4","58.9",""
"Cameroon","1998","","","","Q5 (Richest)","56.4",""
"Central African Republic","1994","","","Urban","","80.0",""
"Central African Republic","1994","","","Rural","","116.1",""
"Central African Republic","1994","","None","","","113.9",""
"Central African Republic","1994","","Primary","","","100.5",""
"Central African Republic","1994","","Secondary or higher","","","52.1",""
"Central African Republic","1994","","","","Q1 (Poorest)","131.3",""
"Central African Republic","1994","","","","Q2","117.1",""
"Central African Republic","1994","","","","Q3","100.3",""
"Central African Republic","1994","","","","Q4","97.7",""
"Central African Republic","1994","","","","Q5 (Richest)","53.1",""
"Central African Republic","1994","Male","","","","108.7",""
"Central African Republic","1994","Female","","","","94.5",""
"Chad","2004","","None","","","116.0",""
"Chad","2004","","Primary","","","122.1",""
"Chad","2004","","Secondary or higher","","","66.5","1"
"Chad","2004","","","","Q1 (Poorest)","109.5",""
"Chad","2004","","","","Q2","122.8",""
"Chad","2004","","","","Q3","118.0",""
"Chad","2004","","","","Q4","123.4",""
"Chad","2004","","","","Q5 (Richest)","99.8",""
"Chad","2004","Male","","","","122.9",""
"Chad","2004","Female","","","","107.8",""
"Chad","2004","","","Urban","","94.0",""
"Chad","2004","","","Rural","","120.3",""
"Chad","1996","","None","","","112.9",""
"Chad","1996","","Primary","","","102.0",""
"Chad","1996","","Secondary or higher","","","75.8","1"
"Chad","1996","","","","Q1 (Poorest)","80.4",""
"Chad","1996","","","","Q2","136.8",""
"Chad","1996","","","","Q3","119.9",""
"Chad","1996","","","","Q4","115.6",""
"Chad","1996","","","","Q5 (Richest)","89.8",""
"Chad","1996","","","Urban","","99.4",""
"Chad","1996","","","Rural","","113.2",""
"Chad","1996","Male","","","","120.0",""
"Chad","1996","Female","","","","100.2",""
"Colombia","2010","Male","","","","19.9",""
"Colombia","2010","Female","","","","15.9",""
"Colombia","2010","","","","Q1 (Poorest)","21.6",""
"Colombia","2010","","","","Q2","18.6",""
"Colombia","2010","","","","Q3","17.4",""
"Colombia","2010","","","","Q4","17.1",""
"Colombia","2010","","","","Q5 (Richest)","12.0",""
"Colombia","2010","","","Urban","","18.1",""
"Colombia","2010","","","Rural","","17.6",""
"Colombia","2010","","None","","","38.0",""
"Colombia","2010","","Primary","","","22.0",""
"Colombia","2010","","Secondary or higher","","","15.3",""
"Colombia","2005","Male","","","","26.3",""
"Colombia","2005","Female","","","","17.9",""
"Colombia","2005","","None","","","43.8",""
"Colombia","2005","","Primary","","","27.4",""
"Colombia","2005","","Secondary or higher","","","17.4",""
"Colombia","2005","","","","Q1 (Poorest)","32.0",""
"Colombia","2005","","","","Q2","24.0",""
"Colombia","2005","","","","Q3","20.8",""
"Colombia","2005","","","","Q4","14.1",""
"Colombia","2005","","","","Q5 (Richest)","14.5",""
"Colombia","2005","","","Urban","","20.4",""
"Colombia","2005","","","Rural","","26.1",""
"Colombia","2000","","None","","","42.8","1"
"Colombia","2000","","Primary","","","28.0",""
"Colombia","2000","","Secondary or higher","","","19.6",""
"Colombia","2000","","","Urban","","21.2",""
"Colombia","2000","","","Rural","","31.0",""
"Colombia","2000","","","","Q1 (Poorest)","32.0",""
"Colombia","2000","","","","Q2","31.8",""
"Colombia","2000","","","","Q3","21.8",""
"Colombia","2000","","","","Q4","12.0",""
"Colombia","2000","","","","Q5 (Richest)","17.3",""
"Colombia","2000","Male","","","","28.4",""
"Colombia","2000","Female","","","","20.2",""
"Colombia","1995","","","Urban","","28.3",""
"Colombia","1995","","","Rural","","35.3",""
"Colombia","1995","Male","","","","34.9",""
"Colombia","1995","Female","","","","26.6",""
"Colombia","1995","","","","Q1 (Poorest)","41.1",""
"Colombia","1995","","","","Q2","31.2",""
"Colombia","1995","","","","Q3","26.8",""
"Colombia","1995","","","","Q4","31.6",""
"Colombia","1995","","","","Q5 (Richest)","16.3",""
"Colombia","1995","","None","","","27.2",""
"Colombia","1995","","Primary","","","36.6",""
"Colombia","1995","","Secondary or higher","","","25.6",""
"Comoros","1996","Male","","","","92.5",""
"Comoros","1996","Female","","","","74.8",""
"Comoros","1996","","","Urban","","63.8",""
"Comoros","1996","","","Rural","","90.0",""
"Comoros","1996","","","","Q1 (Poorest)","87.2",""
"Comoros","1996","","","","Q2","108.6",""
"Comoros","1996","","","","Q3","83.7",""
"Comoros","1996","","","","Q4","62.6",""
"Comoros","1996","","","","Q5 (Richest)","64.6",""
"Comoros","1996","","None","","","87.4",""
"Comoros","1996","","Primary","","","78.5",""
"Comoros","1996","","Secondary or higher","","","67.1","1"
"Congo","2005","","","Urban","","66.2",""
"Congo","2005","","","Rural","","93.1",""
"Congo","2005","","","","Q1 (Poorest)","91.6",""
"Congo","2005","","","","Q2","95.9",""
"Congo","2005","","","","Q3","75.0",""
"Congo","2005","","","","Q4","76.2",""
"Congo","2005","","","","Q5 (Richest)","55.6",""
"Congo","2005","","None","","","134.8",""
"Congo","2005","","Primary","","","95.1",""
"Congo","2005","","Secondary or higher","","","61.8",""
"Congo","2005","Male","","","","83.4",""
"Congo","2005","Female","","","","78.1",""
"Côte d’Ivoire","1998","","None","","","124.6",""
"Côte d’Ivoire","1998","","Primary","","","94.8",""
"Côte d’Ivoire","1998","","Secondary or higher","","","62.5","1"
"Côte d’Ivoire","1998","","","","Q1 (Poorest)","148.6",""
"Côte d’Ivoire","1998","","","","Q2","120.2",""
"Côte d’Ivoire","1998","","","","Q3","97.1",""
"Côte d’Ivoire","1998","","","","Q4","106.5",""
"Côte d’Ivoire","1998","","","","Q5 (Richest)","59.7",""
"Côte d’Ivoire","1998","","","Urban","","84.9",""
"Côte d’Ivoire","1998","","","Rural","","124.9",""
"Côte d’Ivoire","1998","Male","","","","131.5",""
"Côte d’Ivoire","1998","Female","","","","92.9",""
"Côte d’Ivoire","1994","","","Urban","","74.6",""
"Côte d’Ivoire","1994","","","Rural","","99.3",""
"Côte d’Ivoire","1994","","None","","","98.5",""
"Côte d’Ivoire","1994","","Primary","","","78.0",""
"Côte d’Ivoire","1994","","Secondary or higher","","","60.7",""
"Côte d’Ivoire","1994","Male","","","","98.9",""
"Côte d’Ivoire","1994","Female","","","","82.9",""
"Côte d’Ivoire","1994","","","","Q1 (Poorest)","117.1",""
"Côte d’Ivoire","1994","","","","Q2","96.2",""
"Côte d’Ivoire","1994","","","","Q3","88.7",""
"Côte d’Ivoire","1994","","","","Q4","79.2",""
"Côte d’Ivoire","1994","","","","Q5 (Richest)","62.7",""
"Democratic Republic of the Congo","2007","","","Urban","","74.2",""
"Democratic Republic of the Congo","2007","","","Rural","","107.8",""
"Democratic Republic of the Congo","2007","Male","","","","98.9",""
"Democratic Republic of the Congo","2007","Female","","","","90.7",""
"Democratic Republic of the Congo","2007","","None","","","135.6",""
"Democratic Republic of the Congo","2007","","Primary","","","91.6",""
"Democratic Republic of the Congo","2007","","Secondary or higher","","","68.6",""
"Democratic Republic of the Congo","2007","","","","Q1 (Poorest)","112.9",""
"Democratic Republic of the Congo","2007","","","","Q2","105.5",""
"Democratic Republic of the Congo","2007","","","","Q3","95.4",""
"Democratic Republic of the Congo","2007","","","","Q4","92.7",""
"Democratic Republic of the Congo","2007","","","","Q5 (Richest)","58.0",""
"Dominican Republic","2007","","","","Q1 (Poorest)","43.1",""
"Dominican Republic","2007","","","","Q2","35.0",""
"Dominican Republic","2007","","","","Q3","30.5",""
"Dominican Republic","2007","","","","Q4","23.0",""
"Dominican Republic","2007","","","","Q5 (Richest)","25.3",""
"Dominican Republic","2007","","None","","","43.9",""
"Dominican Republic","2007","","Primary","","","37.6",""
"Dominican Republic","2007","","Secondary or higher","","","26.9",""
"Dominican Republic","2007","Male","","","","34.4",""
"Dominican Republic","2007","Female","","","","30.3",""
"Dominican Republic","2007","","","Urban","","32.9",""
"Dominican Republic","2007","","","Rural","","31.5",""
"Dominican Republic","2002","Male","","","","37.6",""
"Dominican Republic","2002","Female","","","","30.9",""
"Dominican Republic","2002","","","Urban","","32.6",""
"Dominican Republic","2002","","","Rural","","37.5",""
"Dominican Republic","2002","","","","Q1 (Poorest)","49.9",""
"Dominican Republic","2002","","","","Q2","36.8",""
"Dominican Republic","2002","","","","Q3","35.4",""
"Dominican Republic","2002","","","","Q4","23.6",""
"Dominican Republic","2002","","","","Q5 (Richest)","20.1",""
"Dominican Republic","2002","","None","","","51.4",""
"Dominican Republic","2002","","Primary","","","38.9",""
"Dominican Republic","2002","","Secondary or higher","","","26.3",""
"Dominican Republic","1999","","","Urban","","35.7",""
"Dominican Republic","1999","","","Rural","","38.8","1"
"Dominican Republic","1999","Male","","","","38.6",""
"Dominican Republic","1999","Female","","","","35.2",""
"Dominican Republic","1999","","","","Q1 (Poorest)","65.1","1"
"Dominican Republic","1999","","","","Q2","38.0","1"
"Dominican Republic","1999","","","","Q3","45.3","1"
"Dominican Republic","1999","","Primary","","","51.1",""
"Dominican Republic","1999","","Secondary or higher","","","18.1","1"
"Dominican Republic","1996","","None","","","85.4",""
"Dominican Republic","1996","","Primary","","","53.7",""
"Dominican Republic","1996","","Secondary or higher","","","29.4",""
"Dominican Republic","1996","","","","Q1 (Poorest)","66.3",""
"Dominican Republic","1996","","","","Q2","55.0",""
"Dominican Republic","1996","","","","Q3","52.2",""
"Dominican Republic","1996","","","","Q4","33.6",""
"Dominican Republic","1996","","","","Q5 (Richest)","23.5",""
"Dominican Republic","1996","","","Urban","","45.9",""
"Dominican Republic","1996","","","Rural","","52.5",""
"Dominican Republic","1996","Male","","","","50.9",""
"Dominican Republic","1996","Female","","","","46.2",""
"Egypt","2008","Male","","","","33.5",""
"Egypt","2008","Female","","","","23.3",""
"Egypt","2008","","","","Q1 (Poorest)","41.8",""
"Egypt","2008","","","","Q2","30.5",""
"Egypt","2008","","","","Q3","26.3",""
"Egypt","2008","","","","Q4","24.8",""
"Egypt","2008","","","","Q5 (Richest)","16.7",""
"Egypt","2008","","","Urban","","25.5",""
"Egypt","2008","","","Rural","","30.4",""
"Egypt","2008","","None","","","37.5",""
"Egypt","2008","","Primary","","","32.6",""
"Egypt","2008","","Secondary or higher","","","22.9",""
"Egypt","2005","","","Urban","","31.6",""
"Egypt","2005","","","Rural","","45.0",""
"Egypt","2005","Male","","","","43.1",""
"Egypt","2005","Female","","","","36.9",""
"Egypt","2005","","None","","","51.8",""
"Egypt","2005","","Primary","","","52.0",""
"Egypt","2005","","Secondary or higher","","","28.4",""
"Egypt","2005","","","","Q1 (Poorest)","59.1",""
"Egypt","2005","","","","Q2","42.8",""
"Egypt","2005","","","","Q3","38.7",""
"Egypt","2005","","","","Q4","32.4",""
"Egypt","2005","","","","Q5 (Richest)","22.9",""
"Egypt","2000","","","Urban","","43.0",""
"Egypt","2000","","","Rural","","61.7",""
"Egypt","2000","","None","","","68.3",""
"Egypt","2000","","Primary","","","59.1",""
"Egypt","2000","","Secondary or higher","","","35.8",""
"Egypt","2000","Male","","","","55.1",""
"Egypt","2000","Female","","","","54.2",""
"Egypt","2000","","","","Q1 (Poorest)","75.9",""
"Egypt","2000","","","","Q2","64.1",""
"Egypt","2000","","","","Q3","53.9",""
"Egypt","2000","","","","Q4","43.1",""
"Egypt","2000","","","","Q5 (Richest)","29.4",""
"Egypt","1995","","","Urban","","50.9",""
"Egypt","1995","","","Rural","","86.8",""
"Egypt","1995","Male","","","","72.3",""
"Egypt","1995","Female","","","","73.4",""
"Egypt","1995","","None","","","93.4",""
"Egypt","1995","","Primary","","","70.0",""
"Egypt","1995","","Secondary or higher","","","37.4",""
"Egypt","1995","","","","Q1 (Poorest)","109.8",""
"Egypt","1995","","","","Q2","88.9",""
"Egypt","1995","","","","Q3","64.7",""
"Egypt","1995","","","","Q4","50.1",""
"Egypt","1995","","","","Q5 (Richest)","31.3",""
"Ethiopia","2011","Male","","","","84.2",""
"Ethiopia","2011","Female","","","","62.6",""
"Ethiopia","2011","","","Urban","","59.7",""
"Ethiopia","2011","","","Rural","","75.8",""
"Ethiopia","2011","","","","Q1 (Poorest)","91.2",""
"Ethiopia","2011","","","","Q2","83.9",""
"Ethiopia","2011","","","","Q3","60.5",""
"Ethiopia","2011","","","","Q4","65.9",""
"Ethiopia","2011","","","","Q5 (Richest)","60.0",""
"Ethiopia","2011","","None","","","80.6",""
"Ethiopia","2011","","Primary","","","58.2",""
"Ethiopia","2011","","Secondary or higher","","","33.6",""
"Ethiopia","2005","","","","Q1 (Poorest)","79.1",""
"Ethiopia","2005","","","","Q2","86.2",""
"Ethiopia","2005","","","","Q3","86.0",""
"Ethiopia","2005","","","","Q4","84.4",""
"Ethiopia","2005","","","","Q5 (Richest)","60.0",""
"Ethiopia","2005","","None","","","82.6",""
"Ethiopia","2005","","Primary","","","78.7",""
"Ethiopia","2005","","Secondary or higher","","","37.4",""
"Ethiopia","2005","Male","","","","90.7",""
"Ethiopia","2005","Female","","","","69.3",""
"Ethiopia","2005","","","Urban","","65.9",""
"Ethiopia","2005","","","Rural","","81.4",""
"Ethiopia","2000","","None","","","118.9",""
"Ethiopia","2000","","Primary","","","85.1",""
"Ethiopia","2000","","Secondary or higher","","","64.0",""
"Ethiopia","2000","","","Urban","","96.2",""
"Ethiopia","2000","","","Rural","","114.7",""
"Ethiopia","2000","","","","Q1 (Poorest)","93.0",""
"Ethiopia","2000","","","","Q2","114.7",""
"Ethiopia","2000","","","","Q3","141.5",""
"Ethiopia","2000","","","","Q4","117.6",""
"Ethiopia","2000","","","","Q5 (Richest)","94.8",""
"Ethiopia","2000","Male","","","","124.0",""
"Ethiopia","2000","Female","","","","100.8",""
"Gabon","2000","Male","","","","74.2",""
"Gabon","2000","Female","","","","48.7",""
"Gabon","2000","","","","Q1 (Poorest)","57.2",""
"Gabon","2000","","","","Q2","69.0",""
"Gabon","2000","","","","Q3","66.7",""
"Gabon","2000","","","","Q4","72.2",""
"Gabon","2000","","","","Q5 (Richest)","36.2",""
"Gabon","2000","","","Urban","","60.9",""
"Gabon","2000","","","Rural","","62.4",""
"Gabon","2000","","None","","","65.5",""
"Gabon","2000","","Primary","","","59.2",""
"Gabon","2000","","Secondary or higher","","","62.5",""
"Ghana","2008","","None","","","61.6",""
"Ghana","2008","","Primary","","","54.8",""
"Ghana","2008","","Secondary or higher","","","46.7",""
"Ghana","2008","","","Urban","","48.6",""
"Ghana","2008","","","Rural","","56.8",""
"Ghana","2008","","","","Q1 (Poorest)","59.7",""
"Ghana","2008","","","","Q2","45.0",""
"Ghana","2008","","","","Q3","70.5",""
"Ghana","2008","","","","Q4","44.3",""
"Ghana","2008","","","","Q5 (Richest)","46.3",""
"Ghana","2008","Male","","","","58.2",""
"Ghana","2008","Female","","","","49.1",""
"Ghana","2003","","None","","","66.1",""
"Ghana","2003","","Primary","","","76.2",""
"Ghana","2003","","Secondary or higher","","","55.5",""
"Ghana","2003","Male","","","","69.9",""
"Ghana","2003","Female","","","","58.8",""
"Ghana","2003","","","Urban","","54.6",""
"Ghana","2003","","","Rural","","69.5",""
"Ghana","2003","","","","Q1 (Poorest)","61.1",""
"Ghana","2003","","","","Q2","64.0",""
"Ghana","2003","","","","Q3","73.6",""
"Ghana","2003","","","","Q4","66.1",""
"Ghana","2003","","","","Q5 (Richest)","56.8",""
"Ghana","1998","","None","","","66.5",""
"Ghana","1998","","Primary","","","71.0",""
"Ghana","1998","","Secondary or higher","","","50.8",""
"Ghana","1998","Male","","","","64.5",""
"Ghana","1998","Female","","","","58.0",""
"Ghana","1998","","","Urban","","42.3",""
"Ghana","1998","","","Rural","","67.7",""
"Ghana","1998","","","","Q1 (Poorest)","71.3",""
"Ghana","1998","","","","Q2","63.1",""
"Ghana","1998","","","","Q3","80.7",""
"Ghana","1998","","","","Q4","54.4",""
"Ghana","1998","","","","Q5 (Richest)","21.3",""
"Ghana","1993","","None","","","87.1",""
"Ghana","1993","","Primary","","","66.7",""
"Ghana","1993","","Secondary or higher","","","44.9","1"
"Ghana","1993","","","","Q1 (Poorest)","77.5",""
"Ghana","1993","","","","Q2","94.6",""
"Ghana","1993","","","","Q3","82.8",""
"Ghana","1993","","","","Q4","64.2",""
"Ghana","1993","","","","Q5 (Richest)","45.8",""
"Ghana","1993","","","Urban","","54.9",""
"Ghana","1993","","","Rural","","82.2",""
"Ghana","1993","Male","","","","79.2",""
"Ghana","1993","Female","","","","70.1",""
"Guatemala","1998","","","","Q1 (Poorest)","58.1",""
"Guatemala","1998","","","","Q2","50.8",""
"Guatemala","1998","","","","Q3","52.1",""
"Guatemala","1998","","","","Q4","39.9",""
"Guatemala","1998","","","","Q5 (Richest)","39.5",""
"Guatemala","1998","","","Urban","","49.1",""
"Guatemala","1998","","","Rural","","49.3",""
"Guatemala","1998","Male","","","","50.0",""
"Guatemala","1998","Female","","","","48.4",""
"Guatemala","1998","","None","","","55.9",""
"Guatemala","1998","","Primary","","","46.6",""
"Guatemala","1998","","Secondary or higher","","","41.4",""
"Guatemala","1995","","","Urban","","45.0",""
"Guatemala","1995","","","Rural","","62.9",""
"Guatemala","1995","","","","Q1 (Poorest)","57.0",""
"Guatemala","1995","","","","Q2","79.2",""
"Guatemala","1995","","","","Q3","55.4",""
"Guatemala","1995","","","","Q4","46.7",""
"Guatemala","1995","","","","Q5 (Richest)","35.3",""
"Guatemala","1995","","None","","","69.6",""
"Guatemala","1995","","Primary","","","53.6",""
"Guatemala","1995","","Secondary or higher","","","25.9",""
"Guatemala","1995","Male","","","","62.4",""
"Guatemala","1995","Female","","","","51.6",""
"Guinea","2005","","","Urban","","82.1",""
"Guinea","2005","","","Rural","","117.8",""
"Guinea","2005","Male","","","","121.9",""
"Guinea","2005","Female","","","","96.8",""
"Guinea","2005","","None","","","112.8",""
"Guinea","2005","","Primary","","","101.1",""
"Guinea","2005","","Secondary or higher","","","66.1",""
"Guinea","2005","","","","Q1 (Poorest)","126.3",""
"Guinea","2005","","","","Q2","122.5",""
"Guinea","2005","","","","Q3","114.3",""
"Guinea","2005","","","","Q4","101.0",""
"Guinea","2005","","","","Q5 (Richest)","68.2",""
"Guinea","1999","","","Urban","","79.2",""
"Guinea","1999","","","Rural","","115.9",""
"Guinea","1999","Male","","","","112.3",""
"Guinea","1999","Female","","","","100.8",""
"Guinea","1999","","","","Q1 (Poorest)","119.2",""
"Guinea","1999","","","","Q2","128.0",""
"Guinea","1999","","","","Q3","113.6",""
"Guinea","1999","","","","Q4","91.3",""
"Guinea","1999","","","","Q5 (Richest)","70.4",""
"Guinea","1999","","None","","","112.2",""
"Guinea","1999","","Primary","","","78.4",""
"Guinea","1999","","Secondary or higher","","","60.0",""
"Guyana","2009","","","Urban","","45.5",""
"Guyana","2009","","","Rural","","32.0",""
"Guyana","2009","","Primary","","","41.7",""
"Guyana","2009","","Secondary or higher","","","32.2",""
"Guyana","2009","Male","","","","36.1",""
"Guyana","2009","Female","","","","34.1",""
"Guyana","2009","","","","Q1 (Poorest)","25.3",""
"Guyana","2009","","","","Q2","36.6",""
"Guyana","2009","","","","Q3","34.0",""
"Guyana","2009","","","","Q4","42.5",""
"Guyana","2009","","","","Q5 (Richest)","44.4",""
"Haiti","2005","","","","Q1 (Poorest)","78.7",""
"Haiti","2005","","","","Q2","76.4",""
"Haiti","2005","","","","Q3","79.6",""
"Haiti","2005","","","","Q4","58.3",""
"Haiti","2005","","","","Q5 (Richest)","44.8",""
"Haiti","2005","","None","","","85.5",""
"Haiti","2005","","Primary","","","62.0",""
"Haiti","2005","","Secondary or higher","","","52.7",""
"Haiti","2005","Male","","","","75.1",""
"Haiti","2005","Female","","","","64.8",""
"Haiti","2005","","","Urban","","57.4",""
"Haiti","2005","","","Rural","","76.1",""
"Haiti","2000","","","Urban","","87.5",""
"Haiti","2000","","","Rural","","90.3",""
"Haiti","2000","","None","","","91.0",""
"Haiti","2000","","Primary","","","97.5",""
"Haiti","2000","","Secondary or higher","","","56.2",""
"Haiti","2000","Male","","","","96.3",""
"Haiti","2000","Female","","","","82.9",""
"Haiti","2000","","","","Q1 (Poorest)","99.6",""
"Haiti","2000","","","","Q2","69.3",""
"Haiti","2000","","","","Q3","93.1",""
"Haiti","2000","","","","Q4","88.6",""
"Haiti","2000","","","","Q5 (Richest)","98.7",""
"Haiti","1994","","","Urban","","83.4",""
"Haiti","1994","","","Rural","","88.8",""
"Haiti","1994","","None","","","95.4",""
"Haiti","1994","","Primary","","","78.1",""
"Haiti","1994","","Secondary or higher","","","75.9",""
"Haiti","1994","Male","","","","97.6",""
"Haiti","1994","Female","","","","76.3",""
"Haiti","1994","","","","Q1 (Poorest)","93.6",""
"Haiti","1994","","","","Q2","93.5",""
"Haiti","1994","","","","Q3","86.1",""
"Haiti","1994","","","","Q4","81.7",""
"Haiti","1994","","","","Q5 (Richest)","73.8",""
"Honduras","2005","","","Urban","","23.6",""
"Honduras","2005","","","Rural","","32.6",""
"Honduras","2005","Male","","","","31.5",""
"Honduras","2005","Female","","","","25.8",""
"Honduras","2005","","None","","","36.7",""
"Honduras","2005","","Primary","","","31.1",""
"Honduras","2005","","Secondary or higher","","","16.7",""
"Honduras","2005","","","","Q1 (Poorest)","37.0",""
"Honduras","2005","","","","Q2","35.8",""
"Honduras","2005","","","","Q3","27.3",""
"Honduras","2005","","","","Q4","19.6",""
"Honduras","2005","","","","Q5 (Richest)","18.7",""
"India","2005","","","","Q1 (Poorest)","82.0",""
"India","2005","","","","Q2","73.4",""
"India","2005","","","","Q3","66.0",""
"India","2005","","","","Q4","51.2",""
"India","2005","","","","Q5 (Richest)","34.2",""
"India","2005","","None","","","77.8",""
"India","2005","","Primary","","","63.8",""
"India","2005","","Secondary or higher","","","42.4",""
"India","2005","Male","","","","65.9",""
"India","2005","Female","","","","63.9",""
"India","2005","","","Urban","","48.4",""
"India","2005","","","Rural","","70.6",""
"India","1998","","None","","","87.0",""
"India","1998","","Primary","","","67.2",""
"India","1998","","Secondary or higher","","","42.0",""
"India","1998","Male","","","","74.8",""
"India","1998","Female","","","","71.1",""
"India","1998","","","Urban","","49.3",""
"India","1998","","","Rural","","79.7",""
"India","1998","","","","Q1 (Poorest)","96.4",""
"India","1998","","","","Q2","80.7",""
"India","1998","","","","Q3","76.4",""
"India","1998","","","","Q4","55.4",""
"India","1998","","","","Q5 (Richest)","38.1",""
"Indonesia","2007","","","Urban","","30.7",""
"Indonesia","2007","","","Rural","","44.7",""
"Indonesia","2007","Male","","","","42.6",""
"Indonesia","2007","Female","","","","35.0",""
"Indonesia","2007","","None","","","72.1",""
"Indonesia","2007","","Primary","","","46.4",""
"Indonesia","2007","","Secondary or higher","","","28.8",""
"Indonesia","2007","","","","Q1 (Poorest)","55.7",""
"Indonesia","2007","","","","Q2","47.1",""
"Indonesia","2007","","","","Q3","32.5",""
"Indonesia","2007","","","","Q4","29.0",""
"Indonesia","2007","","","","Q5 (Richest)","25.8",""
"Indonesia","2002","","","","Q1 (Poorest)","60.4",""
"Indonesia","2002","","","","Q2","50.2",""
"Indonesia","2002","","","","Q3","44.2",""
"Indonesia","2002","","","","Q4","36.4",""
"Indonesia","2002","","","","Q5 (Richest)","17.0",""
"Indonesia","2002","","","Urban","","32.0",""
"Indonesia","2002","","","Rural","","52.2",""
"Indonesia","2002","Male","","","","45.6",""
"Indonesia","2002","Female","","","","40.0",""
"Indonesia","2002","","None","","","67.4",""
"Indonesia","2002","","Primary","","","50.6",""
"Indonesia","2002","","Secondary or higher","","","29.1",""
"Indonesia","1997","","","Urban","","36.0",""
"Indonesia","1997","","","Rural","","57.8",""
"Indonesia","1997","","None","","","77.8",""
"Indonesia","1997","","Primary","","","58.5",""
"Indonesia","1997","","Secondary or higher","","","28.2",""
"Indonesia","1997","Male","","","","58.9",""
"Indonesia","1997","Female","","","","44.9",""
"Indonesia","1997","","","","Q1 (Poorest)","78.2",""
"Indonesia","1997","","","","Q2","57.2",""
"Indonesia","1997","","","","Q3","50.6",""
"Indonesia","1997","","","","Q4","39.6",""
"Indonesia","1997","","","","Q5 (Richest)","23.5",""
"Indonesia","1994","Male","","","","73.4",""
"Indonesia","1994","Female","","","","58.7",""
"Indonesia","1994","","None","","","90.2",""
"Indonesia","1994","","Primary","","","70.3",""
"Indonesia","1994","","Secondary or higher","","","39.8",""
"Indonesia","1994","","","Urban","","42.8",""
"Indonesia","1994","","","Rural","","75.1",""
"Jordan","2007","Male","","","","19.8",""
"Jordan","2007","Female","","","","20.5",""
"Jordan","2007","","","Urban","","19.7",""
"Jordan","2007","","","Rural","","22.5",""
"Jordan","2007","","","","Q1 (Poorest)","25.0",""
"Jordan","2007","","","","Q2","21.0",""
"Jordan","2007","","","","Q3","12.7",""
"Jordan","2007","","","","Q4","17.4",""
"Jordan","2007","","","","Q5 (Richest)","25.1",""
"Jordan","2007","","None","","","22.7",""
"Jordan","2007","","Primary","","","28.7",""
"Jordan","2007","","Secondary or higher","","","19.4",""
"Jordan","2002","Male","","","","25.4",""
"Jordan","2002","Female","","","","23.6",""
"Jordan","2002","","","Urban","","22.8",""
"Jordan","2002","","","Rural","","30.3",""
"Jordan","2002","","","","Q1 (Poorest)","28.9",""
"Jordan","2002","","","","Q2","26.4",""
"Jordan","2002","","","","Q3","24.6",""
"Jordan","2002","","","","Q4","20.6",""
"Jordan","2002","","","","Q5 (Richest)","18.6",""
"Jordan","1997","","","","Q1 (Poorest)","35.6",""
"Jordan","1997","","","","Q2","28.0",""
"Jordan","1997","","","","Q3","30.1",""
"Jordan","1997","","","","Q4","26.1",""
"Jordan","1997","","","","Q5 (Richest)","23.3",""
"Jordan","1997","Male","","","","34.3",""
"Jordan","1997","Female","","","","23.3",""
"Jordan","1997","","None","","","54.8",""
"Jordan","1997","","Primary","","","31.5",""
"Jordan","1997","","Secondary or higher","","","25.4",""
"Jordan","1997","","","Urban","","26.7",""
"Jordan","1997","","","Rural","","38.6",""
"Kazakhstan","1999","","","","Q1 (Poorest)","66.0",""
"Kazakhstan","1999","","","","Q2","65.7",""
"Kazakhstan","1999","","","","Q3","65.9",""
"Kazakhstan","1999","","","","Q4","27.6",""
"Kazakhstan","1999","","","","Q5 (Richest)","42.9",""
"Kazakhstan","1999","Male","","","","61.8",""
"Kazakhstan","1999","Female","","","","47.3",""
"Kazakhstan","1999","","Secondary or higher","","","55.1",""
"Kazakhstan","1999","","","Urban","","43.9",""
"Kazakhstan","1999","","","Rural","","63.4",""
"Kazakhstan","1995","","","Urban","","38.9",""
"Kazakhstan","1995","","","Rural","","40.9",""
"Kazakhstan","1995","Male","","","","45.4",""
"Kazakhstan","1995","Female","","","","34.3",""
"Kazakhstan","1995","","Secondary or higher","","","40.1",""
"Kazakhstan","1995","","","","Q1 (Poorest)","37.1",""
"Kazakhstan","1995","","","","Q2","43.5",""
"Kazakhstan","1995","","","","Q3","33.9",""
"Kazakhstan","1995","","","","Q4","49.4",""
"Kazakhstan","1995","","","","Q5 (Richest)","35.4","1"
"Kenya","2008","Male","","","","64.5",""
"Kenya","2008","Female","","","","53.6",""
"Kenya","2008","","","","Q1 (Poorest)","65.1",""
"Kenya","2008","","","","Q2","64.5",""
"Kenya","2008","","","","Q3","66.9",""
"Kenya","2008","","","","Q4","39.3",""
"Kenya","2008","","","","Q5 (Richest)","56.8",""
"Kenya","2008","","","Urban","","63.2",""
"Kenya","2008","","","Rural","","58.3",""
"Kenya","2008","","None","","","63.6",""
"Kenya","2008","","Primary","","","63.4",""
"Kenya","2008","","Secondary or higher","","","44.9",""
"Kenya","2003","","None","","","80.4",""
"Kenya","2003","","Primary","","","85.4",""
"Kenya","2003","","Secondary or higher","","","44.1",""
"Kenya","2003","","","","Q1 (Poorest)","96.4",""
"Kenya","2003","","","","Q2","75.1",""
"Kenya","2003","","","","Q3","82.6",""
"Kenya","2003","","","","Q4","53.5",""
"Kenya","2003","","","","Q5 (Richest)","62.3",""
"Kenya","2003","","","Urban","","61.2",""
"Kenya","2003","","","Rural","","79.1",""
"Kenya","2003","Male","","","","84.1",""
"Kenya","2003","Female","","","","67.4",""
"Kenya","1998","","None","","","83.2",""
"Kenya","1998","","Primary","","","80.0",""
"Kenya","1998","","Secondary or higher","","","40.2",""
"Kenya","1998","","","Urban","","55.2",""
"Kenya","1998","","","Rural","","74.2",""
"Kenya","1998","Male","","","","74.9",""
"Kenya","1998","Female","","","","67.0",""
"Kenya","1998","","","","Q1 (Poorest)","96.2",""
"Kenya","1998","","","","Q2","83.5",""
"Kenya","1998","","","","Q3","59.0",""
"Kenya","1998","","","","Q4","60.6",""
"Kenya","1998","","","","Q5 (Richest)","40.7",""
"Kenya","1993","","None","","","66.3",""
"Kenya","1993","","Primary","","","70.8",""
"Kenya","1993","","Secondary or higher","","","35.0",""
"Kenya","1993","Male","","","","66.6",""
"Kenya","1993","Female","","","","58.8",""
"Kenya","1993","","","Urban","","45.6",""
"Kenya","1993","","","Rural","","64.9",""
"Kenya","1993","","","","Q1 (Poorest)","89.7",""
"Kenya","1993","","","","Q2","79.4",""
"Kenya","1993","","","","Q3","52.9",""
"Kenya","1993","","","","Q4","39.3",""
"Kenya","1993","","","","Q5 (Richest)","43.5",""
"Kyrgyzstan","1997","Male","","","","71.8",""
"Kyrgyzstan","1997","Female","","","","59.4",""
"Kyrgyzstan","1997","","","","Q1 (Poorest)","82.0",""
"Kyrgyzstan","1997","","","","Q2","73.2",""
"Kyrgyzstan","1997","","","","Q3","66.6",""
"Kyrgyzstan","1997","","","","Q4","49.6",""
"Kyrgyzstan","1997","","","","Q5 (Richest)","46.4",""
"Kyrgyzstan","1997","","","Urban","","54.6",""
"Kyrgyzstan","1997","","","Rural","","69.8",""
"Kyrgyzstan","1997","","Secondary or higher","","","65.6",""
"Lesotho","2009","","","","Q1 (Poorest)","87.6",""
"Lesotho","2009","","","","Q2","93.9",""
"Lesotho","2009","","","","Q3","75.8",""
"Lesotho","2009","","","","Q4","91.4",""
"Lesotho","2009","","","","Q5 (Richest)","65.2",""
"Lesotho","2009","Male","","","","99.2",""
"Lesotho","2009","Female","","","","66.3",""
"Lesotho","2009","","Primary","","","92.0",""
"Lesotho","2009","","Secondary or higher","","","71.2",""
"Lesotho","2009","","","Urban","","74.2",""
"Lesotho","2009","","","Rural","","86.0",""
"Lesotho","2004","","","Urban","","64.3",""
"Lesotho","2004","","","Rural","","86.6",""
"Lesotho","2004","Male","","","","88.0",""
"Lesotho","2004","Female","","","","77.9",""
"Lesotho","2004","","","","Q1 (Poorest)","86.8",""
"Lesotho","2004","","","","Q2","89.9",""
"Lesotho","2004","","","","Q3","91.8",""
"Lesotho","2004","","","","Q4","76.0",""
"Lesotho","2004","","","","Q5 (Richest)","70.1",""
"Lesotho","2004","","Primary","","","87.0",""
"Lesotho","2004","","Secondary or higher","","","70.1",""
"Liberia","2007","","","Urban","","77.8",""
"Liberia","2007","","","Rural","","98.7",""
"Liberia","2007","Male","","","","96.7",""
"Liberia","2007","Female","","","","87.3",""
"Liberia","2007","","None","","","107.3",""
"Liberia","2007","","Primary","","","83.1",""
"Liberia","2007","","Secondary or higher","","","59.5",""
"Liberia","2007","","","","Q1 (Poorest)","99.8",""
"Liberia","2007","","","","Q2","104.3",""
"Liberia","2007","","","","Q3","81.4",""
"Liberia","2007","","","","Q4","95.0",""
"Liberia","2007","","","","Q5 (Richest)","70.5",""
"Madagascar","2008","Male","","","","57.4",""
"Madagascar","2008","Female","","","","49.2",""
"Madagascar","2008","","None","","","59.3",""
"Madagascar","2008","","Primary","","","55.8",""
"Madagascar","2008","","Secondary or higher","","","38.6",""
"Madagascar","2008","","","Urban","","44.6",""
"Madagascar","2008","","","Rural","","54.4",""
"Madagascar","2008","","","","Q1 (Poorest)","61.0",""
"Madagascar","2008","","","","Q2","59.3",""
"Madagascar","2008","","","","Q3","59.2",""
"Madagascar","2008","","","","Q4","42.8",""
"Madagascar","2008","","","","Q5 (Richest)","36.0",""
"Madagascar","2003","","None","","","96.9",""
"Madagascar","2003","","Primary","","","66.5",""
"Madagascar","2003","","Secondary or higher","","","43.4",""
"Madagascar","2003","Male","","","","75.6",""
"Madagascar","2003","Female","","","","63.6",""
"Madagascar","2003","","","Urban","","42.8",""
"Madagascar","2003","","","Rural","","75.7",""
"Madagascar","2003","","","","Q1 (Poorest)","86.5",""
"Madagascar","2003","","","","Q2","90.9",""
"Madagascar","2003","","","","Q3","65.3",""
"Madagascar","2003","","","","Q4","55.2",""
"Madagascar","2003","","","","Q5 (Richest)","32.9",""
"Madagascar","1997","","None","","","124.9",""
"Madagascar","1997","","Primary","","","101.7",""
"Madagascar","1997","","Secondary or higher","","","62.7",""
"Madagascar","1997","","","Urban","","77.8",""
"Madagascar","1997","","","Rural","","104.8",""
"Madagascar","1997","","","","Q1 (Poorest)","118.8",""
"Madagascar","1997","","","","Q2","118.6",""
"Madagascar","1997","","","","Q3","102.4",""
"Madagascar","1997","","","","Q4","76.5",""
"Madagascar","1997","","","","Q5 (Richest)","57.2",""
"Madagascar","1997","Male","","","","108.7",""
"Madagascar","1997","Female","","","","89.2",""
"Malawi","2010","Male","","","","81.1",""
"Malawi","2010","Female","","","","65.0",""
"Malawi","2010","","None","","","70.2",""
"Malawi","2010","","Primary","","","75.3",""
"Malawi","2010","","Secondary or higher","","","65.5",""
"Malawi","2010","","","Urban","","72.3",""
"Malawi","2010","","","Rural","","73.2",""
"Malawi","2010","","","","Q1 (Poorest)","69.2",""
"Malawi","2010","","","","Q2","78.9",""
"Malawi","2010","","","","Q3","72.6",""
"Malawi","2010","","","","Q4","72.9",""
"Malawi","2010","","","","Q5 (Richest)","71.1",""
"Malawi","2004","","","Urban","","60.6",""
"Malawi","2004","","","Rural","","97.4",""
"Malawi","2004","Male","","","","97.2",""
"Malawi","2004","Female","","","","87.8",""
"Malawi","2004","","","","Q1 (Poorest)","108.5",""
"Malawi","2004","","","","Q2","99.1",""
"Malawi","2004","","","","Q3","94.4",""
"Malawi","2004","","","","Q4","89.6",""
"Malawi","2004","","","","Q5 (Richest)","66.1",""
"Malawi","2004","","None","","","101.6",""
"Malawi","2004","","Primary","","","92.1",""
"Malawi","2004","","Secondary or higher","","","63.3",""
"Malawi","2000","","","Urban","","81.4",""
"Malawi","2000","","","Rural","","116.0",""
"Malawi","2000","","None","","","116.5",""
"Malawi","2000","","Primary","","","113.1",""
"Malawi","2000","","Secondary or higher","","","65.2",""
"Malawi","2000","Male","","","","116.1",""
"Malawi","2000","Female","","","","107.5",""
"Malawi","2000","","","","Q1 (Poorest)","129.4",""
"Malawi","2000","","","","Q2","103.5",""
"Malawi","2000","","","","Q3","109.0",""
"Malawi","2000","","","","Q4","125.2",""
"Malawi","2000","","","","Q5 (Richest)","87.4",""
"Maldives","2009","Male","","","","24.3",""
"Maldives","2009","Female","","","","20.7",""
"Maldives","2009","","","","Q1 (Poorest)","21.4",""
"Maldives","2009","","","","Q2","25.4",""
"Maldives","2009","","","","Q3","27.9",""
"Maldives","2009","","","","Q4","16.4",""
"Maldives","2009","","","","Q5 (Richest)","20.6",""
"Maldives","2009","","","Urban","","23.0",""
"Maldives","2009","","","Rural","","22.3",""
"Maldives","2009","","None","","","40.9",""
"Maldives","2009","","Primary","","","22.5",""
"Maldives","2009","","Secondary or higher","","","11.7",""
"Mali","2006","","","Urban","","82.9",""
"Mali","2006","","","Rural","","122.2",""
"Mali","2006","","None","","","115.5",""
"Mali","2006","","Primary","","","96.9",""
"Mali","2006","","Secondary or higher","","","71.3",""
"Mali","2006","Male","","","","118.8",""
"Mali","2006","Female","","","","105.0",""
"Mali","2006","","","","Q1 (Poorest)","123.9",""
"Mali","2006","","","","Q2","120.5",""
"Mali","2006","","","","Q3","114.4",""
"Mali","2006","","","","Q4","113.8",""
"Mali","2006","","","","Q5 (Richest)","80.1",""
"Mali","2001","Male","","","","136.6",""
"Mali","2001","Female","","","","116.2",""
"Mali","2001","","None","","","130.4",""
"Mali","2001","","Primary","","","122.8",""
"Mali","2001","","Secondary or higher","","","51.1",""
"Mali","2001","","","Urban","","106.1",""
"Mali","2001","","","Rural","","132.4",""
"Mali","2001","","","","Q1 (Poorest)","137.7",""
"Mali","2001","","","","Q2","125.9",""
"Mali","2001","","","","Q3","141.2",""
"Mali","2001","","","","Q4","128.6",""
"Mali","2001","","","","Q5 (Richest)","89.9",""
"Mali","1995","","","Urban","","98.6",""
"Mali","1995","","","Rural","","145.1",""
"Mali","1995","","","","Q1 (Poorest)","151.9",""
"Mali","1995","","","","Q2","146.9",""
"Mali","1995","","","","Q3","138.9",""
"Mali","1995","","","","Q4","128.7",""
"Mali","1995","","","","Q5 (Richest)","93.2",""
"Mali","1995","","None","","","139.6",""
"Mali","1995","","Primary","","","112.1",""
"Mali","1995","","Secondary or higher","","","60.1",""
"Mali","1995","Male","","","","140.4",""
"Mali","1995","Female","","","","126.6",""
"Morocco","2003","","None","","","51.8",""
"Morocco","2003","","Primary","","","32.5",""
"Morocco","2003","","Secondary or higher","","","23.0",""
"Morocco","2003","","","","Q1 (Poorest)","62.2",""
"Morocco","2003","","","","Q2","53.1",""
"Morocco","2003","","","","Q3","36.4",""
"Morocco","2003","","","","Q4","33.0",""
"Morocco","2003","","","","Q5 (Richest)","23.9",""
"Morocco","2003","","","Urban","","32.8",""
"Morocco","2003","","","Rural","","55.1",""
"Morocco","2003","Male","","","","51.0",""
"Morocco","2003","Female","","","","36.7",""
"Mozambique","2003","Male","","","","127.7",""
"Mozambique","2003","Female","","","","119.5",""
"Mozambique","2003","","","Urban","","95.1",""
"Mozambique","2003","","","Rural","","134.8",""
"Mozambique","2003","","","","Q1 (Poorest)","142.9",""
"Mozambique","2003","","","","Q2","147.7",""
"Mozambique","2003","","","","Q3","127.0",""
"Mozambique","2003","","","","Q4","106.3",""
"Mozambique","2003","","","","Q5 (Richest)","71.2",""
"Mozambique","2003","","None","","","142.1",""
"Mozambique","2003","","Primary","","","109.6",""
"Mozambique","2003","","Secondary or higher","","","63.8",""
"Mozambique","1997","Male","","","","152.2",""
"Mozambique","1997","Female","","","","141.9",""
"Mozambique","1997","","","","Q1 (Poorest)","186.5",""
"Mozambique","1997","","","","Q2","136.9",""
"Mozambique","1997","","","","Q3","143.6",""
"Mozambique","1997","","","","Q4","134.2",""
"Mozambique","1997","","","","Q5 (Richest)","94.8",""
"Mozambique","1997","","","Urban","","100.5",""
"Mozambique","1997","","","Rural","","159.2",""
"Mozambique","1997","","None","","","154.6",""
"Mozambique","1997","","Primary","","","144.1",""
"Mozambique","1997","","Secondary or higher","","","73.0","1"
"Namibia","2006","","","","Q1 (Poorest)","59.3",""
"Namibia","2006","","","","Q2","53.8",""
"Namibia","2006","","","","Q3","45.0",""
"Namibia","2006","","","","Q4","55.4",""
"Namibia","2006","","","","Q5 (Richest)","23.6",""
"Namibia","2006","Male","","","","56.8",""
"Namibia","2006","Female","","","","40.2",""
"Namibia","2006","","None","","","56.2",""
"Namibia","2006","","Primary","","","59.9",""
"Namibia","2006","","Secondary or higher","","","40.4",""
"Namibia","2006","","","Urban","","43.7",""
"Namibia","2006","","","Rural","","52.2",""
"Namibia","2000","","","Urban","","30.0",""
"Namibia","2000","","","Rural","","45.3",""
"Namibia","2000","","None","","","51.6",""
"Namibia","2000","","Primary","","","45.7",""
"Namibia","2000","","Secondary or higher","","","31.2",""
"Namibia","2000","","","","Q1 (Poorest)","42.6",""
"Namibia","2000","","","","Q2","53.6",""
"Namibia","2000","","","","Q3","45.2",""
"Namibia","2000","","","","Q4","35.0",""
"Namibia","2000","","","","Q5 (Richest)","22.8",""
"Namibia","2000","Male","","","","45.6",""
"Namibia","2000","Female","","","","34.2",""
"Nepal","2011","","None","","","62.0",""
"Nepal","2011","","Primary","","","52.5",""
"Nepal","2011","","Secondary or higher","","","36.3",""
"Nepal","2011","","","","Q1 (Poorest)","60.5",""
"Nepal","2011","","","","Q2","55.8",""
"Nepal","2011","","","","Q3","55.5",""
"Nepal","2011","","","","Q4","53.6",""
"Nepal","2011","","","","Q5 (Richest)","32.2",""
"Nepal","2011","","","Urban","","38.5",""
"Nepal","2011","","","Rural","","54.9",""
"Nepal","2011","Male","","","","54.0",""
"Nepal","2011","Female","","","","52.4",""
"Nepal","2006","","","Urban","","37.2",""
"Nepal","2006","","","Rural","","63.6",""
"Nepal","2006","","None","","","69.2",""
"Nepal","2006","","Primary","","","58.2",""
"Nepal","2006","","Secondary or higher","","","28.4",""
"Nepal","2006","Male","","","","60.1",""
"Nepal","2006","Female","","","","60.6",""
"Nepal","2006","","","","Q1 (Poorest)","71.8",""
"Nepal","2006","","","","Q2","61.7",""
"Nepal","2006","","","","Q3","69.5",""
"Nepal","2006","","","","Q4","50.0",""
"Nepal","2006","","","","Q5 (Richest)","40.0",""
"Nepal","2001","Male","","","","79.4",""
"Nepal","2001","Female","","","","75.0",""
"Nepal","2001","","","","Q1 (Poorest)","85.5",""
"Nepal","2001","","","","Q2","88.0",""
"Nepal","2001","","","","Q3","76.1",""
"Nepal","2001","","","","Q4","72.8",""
"Nepal","2001","","","","Q5 (Richest)","53.2",""
"Nepal","2001","","","Urban","","50.3",""
"Nepal","2001","","","Rural","","79.3",""
"Nepal","2001","","None","","","84.6",""
"Nepal","2001","","Primary","","","60.9",""
"Nepal","2001","","Secondary or higher","","","39.1",""
"Nepal","1996","","None","","","97.0",""
"Nepal","1996","","Primary","","","79.2",""
"Nepal","1996","","Secondary or higher","","","53.6",""
"Nepal","1996","Male","","","","101.6",""
"Nepal","1996","Female","","","","82.9",""
"Nepal","1996","","","Urban","","60.6",""
"Nepal","1996","","","Rural","","94.7",""
"Nepal","1996","","","","Q1 (Poorest)","95.8",""
"Nepal","1996","","","","Q2","106.6",""
"Nepal","1996","","","","Q3","103.2",""
"Nepal","1996","","","","Q4","83.4",""
"Nepal","1996","","","","Q5 (Richest)","63.8",""
"Nicaragua","2001","","None","","","54.6",""
"Nicaragua","2001","","Primary","","","34.5",""
"Nicaragua","2001","","Secondary or higher","","","21.1",""
"Nicaragua","2001","","","Urban","","27.5",""
"Nicaragua","2001","","","Rural","","43.1",""
"Nicaragua","2001","","","","Q1 (Poorest)","50.0",""
"Nicaragua","2001","","","","Q2","40.7",""
"Nicaragua","2001","","","","Q3","32.2",""
"Nicaragua","2001","","","","Q4","25.3",""
"Nicaragua","2001","","","","Q5 (Richest)","15.8",""
"Nicaragua","2001","Male","","","","38.9",""
"Nicaragua","2001","Female","","","","31.5",""
"Nicaragua","1997","Male","","","","50.0",""
"Nicaragua","1997","Female","","","","39.7",""
"Nicaragua","1997","","","","Q1 (Poorest)","50.3",""
"Nicaragua","1997","","","","Q2","53.4",""
"Nicaragua","1997","","","","Q3","45.2",""
"Nicaragua","1997","","","","Q4","40.2",""
"Nicaragua","1997","","","","Q5 (Richest)","25.4",""
"Nicaragua","1997","","None","","","62.1",""
"Nicaragua","1997","","Primary","","","44.7",""
"Nicaragua","1997","","Secondary or higher","","","31.0",""
"Nicaragua","1997","","","Urban","","39.7",""
"Nicaragua","1997","","","Rural","","50.6",""
"Niger","2006","","","","Q1 (Poorest)","89.7",""
"Niger","2006","","","","Q2","103.2",""
"Niger","2006","","","","Q3","105.9",""
"Niger","2006","","","","Q4","100.5",""
"Niger","2006","","","","Q5 (Richest)","66.4",""
"Niger","2006","Male","","","","96.6",""
"Niger","2006","Female","","","","90.9",""
"Niger","2006","","None","","","95.6",""
"Niger","2006","","Primary","","","90.9",""
"Niger","2006","","Secondary or higher","","","47.2",""
"Niger","2006","","","Urban","","61.0",""
"Niger","2006","","","Rural","","99.3",""
"Niger","1998","Male","","","","140.8",""
"Niger","1998","Female","","","","130.6",""
"Niger","1998","","","Urban","","79.3",""
"Niger","1998","","","Rural","","146.8",""
"Niger","1998","","","","Q1 (Poorest)","131.3",""
"Niger","1998","","","","Q2","152.8",""
"Niger","1998","","","","Q3","157.6",""
"Niger","1998","","","","Q4","141.1",""
"Niger","1998","","","","Q5 (Richest)","85.0",""
"Niger","1998","","None","","","140.8",""
"Niger","1998","","Primary","","","100.4",""
"Niger","1998","","Secondary or higher","","","69.8","1"
"Nigeria","2008","","","","Q1 (Poorest)","99.8",""
"Nigeria","2008","","","","Q2","103.5",""
"Nigeria","2008","","","","Q3","85.8",""
"Nigeria","2008","","","","Q4","73.8",""
"Nigeria","2008","","","","Q5 (Richest)","58.2",""
"Nigeria","2008","","","Urban","","67.5",""
"Nigeria","2008","","","Rural","","94.8",""
"Nigeria","2008","","None","","","97.4",""
"Nigeria","2008","","Primary","","","88.6",""
"Nigeria","2008","","Secondary or higher","","","66.3",""
"Nigeria","2008","Male","","","","93.0",""
"Nigeria","2008","Female","","","","80.6",""
"Nigeria","2003","","None","","","123.7",""
"Nigeria","2003","","Primary","","","111.5",""
"Nigeria","2003","","Secondary or higher","","","69.8",""
"Nigeria","2003","","","","Q1 (Poorest)","132.0",""
"Nigeria","2003","","","","Q2","140.1",""
"Nigeria","2003","","","","Q3","110.3",""
"Nigeria","2003","","","","Q4","87.1",""
"Nigeria","2003","","","","Q5 (Richest)","52.0",""
"Nigeria","2003","","","Urban","","80.9",""
"Nigeria","2003","","","Rural","","120.7",""
"Nigeria","2003","Male","","","","116.2",""
"Nigeria","2003","Female","","","","102.1",""
"Nigeria","1999","","","Urban","","58.6",""
"Nigeria","1999","","","Rural","","74.8",""
"Nigeria","1999","Male","","","","72.8",""
"Nigeria","1999","Female","","","","67.9",""
"Nigeria","1999","","None","","","76.7",""
"Nigeria","1999","","Primary","","","71.1",""
"Nigeria","1999","","Secondary or higher","","","54.7",""
"Pakistan","2006","","","Urban","","65.9",""
"Pakistan","2006","","","Rural","","81.5",""
"Pakistan","2006","","None","","","84.1",""
"Pakistan","2006","","Primary","","","65.9",""
"Pakistan","2006","","Secondary or higher","","","56.2",""
"Pakistan","2006","Male","","","","80.3",""
"Pakistan","2006","Female","","","","73.3",""
"Pakistan","2006","","","","Q1 (Poorest)","93.6",""
"Pakistan","2006","","","","Q2","87.5",""
"Pakistan","2006","","","","Q3","74.2",""
"Pakistan","2006","","","","Q4","66.8",""
"Pakistan","2006","","","","Q5 (Richest)","52.4",""
"Peru","2004","","None","","","31.1","2"
"Peru","2004","","Primary","","","42.2","3"
"Peru","2004","","Secondary or higher","","","25.6","3"
"Peru","2004","Male","","","","38.1","3"
"Peru","2004","Female","","","","25.8","3"
"Peru","2004","","","","Q1 (Poorest)","48.3","3"
"Peru","2004","","","","Q2","37.6","3"
"Peru","2004","","","","Q3","31.9","3"
"Peru","2004","","","","Q4","23.3","3"
"Peru","2004","","","","Q5 (Richest)","4.0","3"
"Peru","2004","","","Urban","","26.7","3"
"Peru","2004","","","Rural","","39.1","3"
"Peru","2000","","","Urban","","28.4",""
"Peru","2000","","","Rural","","59.4",""
"Peru","2000","","None","","","72.5",""
"Peru","2000","","Primary","","","52.9",""
"Peru","2000","","Secondary or higher","","","27.2",""
"Peru","2000","Male","","","","45.7",""
"Peru","2000","Female","","","","39.6",""
"Peru","2000","","","","Q1 (Poorest)","62.6",""
"Peru","2000","","","","Q2","53.1",""
"Peru","2000","","","","Q3","32.5",""
"Peru","2000","","","","Q4","26.8",""
"Peru","2000","","","","Q5 (Richest)","13.6",""
"Peru","1996","","None","","","78.4",""
"Peru","1996","","Primary","","","61.7",""
"Peru","1996","","Secondary or higher","","","30.7",""
"Peru","1996","","","","Q1 (Poorest)","78.2",""
"Peru","1996","","","","Q2","53.6",""
"Peru","1996","","","","Q3","34.0",""
"Peru","1996","","","","Q4","36.2",""
"Peru","1996","","","","Q5 (Richest)","19.6",""
"Peru","1996","","","Urban","","34.9",""
"Peru","1996","","","Rural","","70.9",""
"Peru","1996","Male","","","","56.0",""
"Peru","1996","Female","","","","43.5",""
"Philippines","2008","Male","","","","30.9",""
"Philippines","2008","Female","","","","24.8",""
"Philippines","2008","","None","","","88.8","1"
"Philippines","2008","","Primary","","","32.7",""
"Philippines","2008","","Secondary or higher","","","24.3",""
"Philippines","2008","","","Urban","","20.1",""
"Philippines","2008","","","Rural","","35.4",""
"Philippines","2008","","","","Q1 (Poorest)","40.3",""
"Philippines","2008","","","","Q2","29.4",""
"Philippines","2008","","","","Q3","23.9",""
"Philippines","2008","","","","Q4","22.8",""
"Philippines","2008","","","","Q5 (Richest)","14.9",""
"Philippines","2003","","None","","","64.2","1"
"Philippines","2003","","Primary","","","43.2",""
"Philippines","2003","","Secondary or higher","","","22.2",""
"Philippines","2003","Male","","","","34.6",""
"Philippines","2003","Female","","","","25.0",""
"Philippines","2003","","","Urban","","23.8",""
"Philippines","2003","","","Rural","","35.9",""
"Philippines","2003","","","","Q1 (Poorest)","41.7",""
"Philippines","2003","","","","Q2","32.3",""
"Philippines","2003","","","","Q3","26.0",""
"Philippines","2003","","","","Q4","22.1",""
"Philippines","2003","","","","Q5 (Richest)","19.6",""
"Philippines","1998","","None","","","77.2","1"
"Philippines","1998","","Primary","","","45.0",""
"Philippines","1998","","Secondary or higher","","","28.2",""
"Philippines","1998","","","","Q1 (Poorest)","48.5",""
"Philippines","1998","","","","Q2","39.3",""
"Philippines","1998","","","","Q3","33.7",""
"Philippines","1998","","","","Q4","24.3",""
"Philippines","1998","","","","Q5 (Richest)","20.8",""
"Philippines","1998","","","Urban","","30.8",""
"Philippines","1998","","","Rural","","39.9",""
"Philippines","1998","Male","","","","39.0",""
"Philippines","1998","Female","","","","32.3",""
"Philippines","1993","","","Urban","","31.7",""
"Philippines","1993","","","Rural","","43.9",""
"Philippines","1993","Male","","","","43.1",""
"Philippines","1993","Female","","","","32.7",""
"Philippines","1993","","None","","","77.8",""
"Philippines","1993","","Primary","","","46.0",""
"Philippines","1993","","Secondary or higher","","","28.8",""
"Republic of Moldova","2005","Male","","","","25.4",""
"Republic of Moldova","2005","Female","","","","16.6",""
"Republic of Moldova","2005","","Secondary or higher","","","21.4",""
"Republic of Moldova","2005","","","","Q1 (Poorest)","20.5",""
"Republic of Moldova","2005","","","","Q2","20.0",""
"Republic of Moldova","2005","","","","Q3","28.8",""
"Republic of Moldova","2005","","","","Q4","19.2",""
"Republic of Moldova","2005","","","","Q5 (Richest)","16.3",""
"Republic of Moldova","2005","","","Urban","","17.4",""
"Republic of Moldova","2005","","","Rural","","23.3",""
"Rwanda","2010","Male","","","","66.2",""
"Rwanda","2010","Female","","","","54.9",""
"Rwanda","2010","","","","Q1 (Poorest)","68.3",""
"Rwanda","2010","","","","Q2","56.8",""
"Rwanda","2010","","","","Q3","60.6",""
"Rwanda","2010","","","","Q4","65.2",""
"Rwanda","2010","","","","Q5 (Richest)","50.3",""
"Rwanda","2010","","","Urban","","55.4",""
"Rwanda","2010","","","Rural","","61.4",""
"Rwanda","2010","","None","","","74.6",""
"Rwanda","2010","","Primary","","","58.1",""
"Rwanda","2010","","Secondary or higher","","","46.1",""
"Rwanda","2005","","","Urban","","68.8",""
"Rwanda","2005","","","Rural","","107.9",""
"Rwanda","2005","","","","Q1 (Poorest)","113.9",""
"Rwanda","2005","","","","Q2","110.4",""
"Rwanda","2005","","","","Q3","89.8",""
"Rwanda","2005","","","","Q4","121.0",""
"Rwanda","2005","","","","Q5 (Richest)","73.0",""
"Rwanda","2005","","None","","","117.1",""
"Rwanda","2005","","Primary","","","100.3",""
"Rwanda","2005","","Secondary or higher","","","63.8",""
"Rwanda","2005","Male","","","","106.2",""
"Rwanda","2005","Female","","","","98.6",""
"Rwanda","2000","","None","","","134.8",""
"Rwanda","2000","","Primary","","","114.4",""
"Rwanda","2000","","Secondary or higher","","","59.2",""
"Rwanda","2000","","","Urban","","78.0",""
"Rwanda","2000","","","Rural","","123.7",""
"Rwanda","2000","","","","Q1 (Poorest)","139.4",""
"Rwanda","2000","","","","Q2","119.6",""
"Rwanda","2000","","","","Q3","123.4",""
"Rwanda","2000","","","","Q4","119.6",""
"Rwanda","2000","","","","Q5 (Richest)","88.2",""
"Rwanda","2000","Male","","","","123.4",""
"Rwanda","2000","Female","","","","111.7",""
"Sao Tome and Principe","2008","","","","Q1 (Poorest)","51.4",""
"Sao Tome and Principe","2008","","","","Q2","47.7",""
"Sao Tome and Principe","2008","","","","Q3","39.5",""
"Sao Tome and Principe","2008","","","","Q4","57.9",""
"Sao Tome and Principe","2008","","","","Q5 (Richest)","26.6",""
"Sao Tome and Principe","2008","","","Urban","","41.5",""
"Sao Tome and Principe","2008","","","Rural","","49.2",""
"Sao Tome and Principe","2008","","Primary","","","43.8",""
"Sao Tome and Principe","2008","","Secondary or higher","","","31.7",""
"Sao Tome and Principe","2008","Male","","","","56.6",""
"Sao Tome and Principe","2008","Female","","","","33.8",""
"Senegal","2010","","None","","","55.9",""
"Senegal","2010","","Primary","","","47.9",""
"Senegal","2010","","Secondary or higher","","","31.4",""
"Senegal","2010","","","Urban","","43.2",""
"Senegal","2010","","","Rural","","58.3",""
"Senegal","2010","","","","Q1 (Poorest)","64.4",""
"Senegal","2010","","","","Q2","52.6",""
"Senegal","2010","","","","Q3","51.2",""
"Senegal","2010","","","","Q4","49.0",""
"Senegal","2010","","","","Q5 (Richest)","40.4",""
"Senegal","2010","Male","","","","59.5",""
"Senegal","2010","Female","","","","45.5",""
"Senegal","2005","Male","","","","78.7",""
"Senegal","2005","Female","","","","62.8",""
"Senegal","2005","","None","","","79.4",""
"Senegal","2005","","Primary","","","52.3",""
"Senegal","2005","","Secondary or higher","","","29.6",""
"Senegal","2005","","","","Q1 (Poorest)","88.9",""
"Senegal","2005","","","","Q2","85.2",""
"Senegal","2005","","","","Q3","72.6",""
"Senegal","2005","","","","Q4","52.5",""
"Senegal","2005","","","","Q5 (Richest)","40.5",""
"Senegal","2005","","","Urban","","51.7",""
"Senegal","2005","","","Rural","","81.7",""
"Senegal","1997","","","Urban","","50.3",""
"Senegal","1997","","","Rural","","79.2",""
"Senegal","1997","","None","","","76.2",""
"Senegal","1997","","Primary","","","52.5",""
"Senegal","1997","","Secondary or higher","","","28.4",""
"Senegal","1997","Male","","","","73.6",""
"Senegal","1997","Female","","","","65.3",""
"Senegal","1997","","","","Q1 (Poorest)","84.8",""
"Senegal","1997","","","","Q2","81.8",""
"Senegal","1997","","","","Q3","69.6",""
"Senegal","1997","","","","Q4","58.8",""
"Senegal","1997","","","","Q5 (Richest)","45.1",""
"Sierra Leone","2008","Male","","","","117.7",""
"Sierra Leone","2008","Female","","","","105.4",""
"Sierra Leone","2008","","None","","","114.4",""
"Sierra Leone","2008","","Primary","","","114.6",""
"Sierra Leone","2008","","Secondary or higher","","","85.5",""
"Sierra Leone","2008","","","Urban","","105.6",""
"Sierra Leone","2008","","","Rural","","113.7",""
"Sierra Leone","2008","","","","Q1 (Poorest)","148.5",""
"Sierra Leone","2008","","","","Q2","101.3",""
"Sierra Leone","2008","","","","Q3","106.4",""
"Sierra Leone","2008","","","","Q4","99.9",""
"Sierra Leone","2008","","","","Q5 (Richest)","92.2",""
"South Africa","1998","Male","","","","49.1",""
"South Africa","1998","Female","","","","34.9",""
"South Africa","1998","","","Urban","","32.3",""
"South Africa","1998","","","Rural","","52.0",""
"South Africa","1998","","","","Q1 (Poorest)","61.4",""
"South Africa","1998","","","","Q2","51.2",""
"South Africa","1998","","","","Q3","35.7",""
"South Africa","1998","","","","Q4","34.2",""
"South Africa","1998","","","","Q5 (Richest)","16.7",""
"South Africa","1998","","None","","","59.6",""
"South Africa","1998","","Primary","","","47.0",""
"South Africa","1998","","Secondary or higher","","","36.0",""
"Swaziland","2006","Male","","","","80.9",""
"Swaziland","2006","Female","","","","73.3",""
"Swaziland","2006","","","","Q1 (Poorest)","85.5",""
"Swaziland","2006","","","","Q2","70.9",""
"Swaziland","2006","","","","Q3","65.5",""
"Swaziland","2006","","","","Q4","79.9",""
"Swaziland","2006","","","","Q5 (Richest)","84.5",""
"Swaziland","2006","","None","","","95.5",""
"Swaziland","2006","","Primary","","","74.2",""
"Swaziland","2006","","Secondary or higher","","","75.2",""
"Swaziland","2006","","","Urban","","74.3",""
"Swaziland","2006","","","Rural","","78.0",""
"Timor-Leste","2009","","None","","","59.9",""
"Timor-Leste","2009","","Primary","","","58.8",""
"Timor-Leste","2009","","Secondary or higher","","","49.3",""
"Timor-Leste","2009","","","Urban","","41.1",""
"Timor-Leste","2009","","","Rural","","60.6",""
"Timor-Leste","2009","Male","","","","58.6",""
"Timor-Leste","2009","Female","","","","53.0",""
"Timor-Leste","2009","","","","Q1 (Poorest)","61.7",""
"Timor-Leste","2009","","","","Q2","67.1",""
"Timor-Leste","2009","","","","Q3","58.6",""
"Timor-Leste","2009","","","","Q4","55.2",""
"Timor-Leste","2009","","","","Q5 (Richest)","37.3",""
"Togo","1998","","None","","","87.2",""
"Togo","1998","","Primary","","","71.5",""
"Togo","1998","","Secondary or higher","","","53.7",""
"Togo","1998","","","","Q1 (Poorest)","83.6",""
"Togo","1998","","","","Q2","81.9",""
"Togo","1998","","","","Q3","88.7",""
"Togo","1998","","","","Q4","74.0",""
"Togo","1998","","","","Q5 (Richest)","65.4",""
"Togo","1998","","","Urban","","64.9",""
"Togo","1998","","","Rural","","84.7",""
"Togo","1998","Male","","","","88.6",""
"Togo","1998","Female","","","","71.2",""
"Turkey","2003","","","","Q1 (Poorest)","62.2",""
"Turkey","2003","","","","Q2","43.6",""
"Turkey","2003","","","","Q3","30.9",""
"Turkey","2003","","","","Q4","24.9",""
"Turkey","2003","","","","Q5 (Richest)","17.0",""
"Turkey","2003","","","Urban","","30.5",""
"Turkey","2003","","","Rural","","52.0",""
"Turkey","2003","Male","","","","39.6",""
"Turkey","2003","Female","","","","35.9",""
"Turkey","2003","","None","","","63.2",""
"Turkey","2003","","Primary","","","34.4",""
"Turkey","2003","","Secondary or higher","","","19.6",""
"Turkey","1998","Male","","","","51.1",""
"Turkey","1998","Female","","","","45.7",""
"Turkey","1998","","","Urban","","42.5",""
"Turkey","1998","","","Rural","","58.4",""
"Turkey","1998","","","","Q1 (Poorest)","68.0",""
"Turkey","1998","","","","Q2","54.9",""
"Turkey","1998","","","","Q3","42.5",""
"Turkey","1998","","","","Q4","37.6",""
"Turkey","1998","","","","Q5 (Richest)","30.0",""
"Turkey","1998","","None","","","66.1",""
"Turkey","1998","","Primary","","","46.5",""
"Turkey","1998","","Secondary or higher","","","28.1",""
"Turkey","1993","","None","","","91.8",""
"Turkey","1993","","Primary","","","63.4",""
"Turkey","1993","","Secondary or higher","","","25.6",""
"Turkey","1993","Male","","","","70.3",""
"Turkey","1993","Female","","","","65.9",""
"Turkey","1993","","","Urban","","57.9",""
"Turkey","1993","","","Rural","","82.6",""
"Turkey","1993","","","","Q1 (Poorest)","100.2",""
"Turkey","1993","","","","Q2","72.2",""
"Turkey","1993","","","","Q3","71.8",""
"Turkey","1993","","","","Q4","54.1",""
"Turkey","1993","","","","Q5 (Richest)","25.6",""
"Uganda","2006","","","Urban","","67.9",""
"Uganda","2006","","","Rural","","85.4",""
"Uganda","2006","","None","","","100.2",""
"Uganda","2006","","Primary","","","81.6",""
"Uganda","2006","","Secondary or higher","","","57.0",""
"Uganda","2006","","","","Q1 (Poorest)","98.3",""
"Uganda","2006","","","","Q2","89.1",""
"Uganda","2006","","","","Q3","84.8",""
"Uganda","2006","","","","Q4","76.4",""
"Uganda","2006","","","","Q5 (Richest)","62.1",""
"Uganda","2006","Male","","","","94.2",""
"Uganda","2006","Female","","","","72.6",""
"Uganda","2000","","","Urban","","54.3",""
"Uganda","2000","","","Rural","","93.5",""
"Uganda","2000","","None","","","106.4",""
"Uganda","2000","","Primary","","","88.2",""
"Uganda","2000","","Secondary or higher","","","52.7",""
"Uganda","2000","Male","","","","93.3",""
"Uganda","2000","Female","","","","85.0",""
"Uganda","1995","","","Urban","","74.4",""
"Uganda","1995","","","Rural","","87.8",""
"Uganda","1995","Male","","","","87.6",""
"Uganda","1995","Female","","","","85.0",""
"Uganda","1995","","None","","","93.8",""
"Uganda","1995","","Primary","","","88.3",""
"Uganda","1995","","Secondary or higher","","","47.7",""
"Uganda","1995","","","","Q1 (Poorest)","109.3",""
"Uganda","1995","","","","Q2","78.8",""
"Uganda","1995","","","","Q3","90.9",""
"Uganda","1995","","","","Q4","85.3",""
"Uganda","1995","","","","Q5 (Richest)","63.0",""
"Ukraine","2007","Male","","","","20.0",""
"Ukraine","2007","Female","","","","12.2",""
"Ukraine","2007","","","Urban","","16.8",""
"Ukraine","2007","","","Rural","","15.7",""
"Ukraine","2007","","Secondary or higher","","","16.4",""
"Ukraine","2007","","","","Q1 (Poorest)","18.7","1"
"Ukraine","2007","","","","Q2","14.7",""
"Ukraine","2007","","","","Q3","19.5","1"
"Ukraine","2007","","","","Q4","23.5","1"
"Ukraine","2007","","","","Q5 (Richest)","8.6",""
"United Republic of Tanzania","2010","Male","","","","61.6",""
"United Republic of Tanzania","2010","Female","","","","57.9",""
"United Republic of Tanzania","2010","","","","Q1 (Poorest)","61.1",""
"United Republic of Tanzania","2010","","","","Q2","58.7",""
"United Republic of Tanzania","2010","","","","Q3","57.9",""
"United Republic of Tanzania","2010","","","","Q4","59.8",""
"United Republic of Tanzania","2010","","","","Q5 (Richest)","62.2",""
"United Republic of Tanzania","2010","","","Urban","","62.5",""
"United Republic of Tanzania","2010","","","Rural","","59.1",""
"United Republic of Tanzania","2010","","None","","","63.0",""
"United Republic of Tanzania","2010","","Primary","","","59.2",""
"United Republic of Tanzania","2010","","Secondary or higher","","","51.9",""
"United Republic of Tanzania","2004","","","Urban","","73.1",""
"United Republic of Tanzania","2004","","","Rural","","84.8",""
"United Republic of Tanzania","2004","","None","","","100.9",""
"United Republic of Tanzania","2004","","Primary","","","76.8",""
"United Republic of Tanzania","2004","","Secondary or higher","","","55.9",""
"United Republic of Tanzania","2004","Male","","","","83.0",""
"United Republic of Tanzania","2004","Female","","","","82.1",""
"United Republic of Tanzania","2004","","","","Q1 (Poorest)","87.1",""
"United Republic of Tanzania","2004","","","","Q2","97.5",""
"United Republic of Tanzania","2004","","","","Q3","87.8",""
"United Republic of Tanzania","2004","","","","Q4","69.9",""
"United Republic of Tanzania","2004","","","","Q5 (Richest)","64.9",""
"United Republic of Tanzania","1999","","","Urban","","87.8",""
"United Republic of Tanzania","1999","","","Rural","","113.2",""
"United Republic of Tanzania","1999","Male","","","","118.8",""
"United Republic of Tanzania","1999","Female","","","","97.0",""
"United Republic of Tanzania","1999","","","","Q1 (Poorest)","114.7",""
"United Republic of Tanzania","1999","","","","Q2","107.9",""
"United Republic of Tanzania","1999","","","","Q3","115.7",""
"United Republic of Tanzania","1999","","","","Q4","107.0",""
"United Republic of Tanzania","1999","","","","Q5 (Richest)","92.6",""
"United Republic of Tanzania","1999","","None","","","117.3",""
"United Republic of Tanzania","1999","","Primary","","","106.4",""
"United Republic of Tanzania","1996","","None","","","106.1",""
"United Republic of Tanzania","1996","","Primary","","","89.4",""
"United Republic of Tanzania","1996","","Secondary or higher","","","64.1","1"
"United Republic of Tanzania","1996","Male","","","","101.2",""
"United Republic of Tanzania","1996","Female","","","","87.0",""
"United Republic of Tanzania","1996","","","Urban","","81.8",""
"United Republic of Tanzania","1996","","","Rural","","96.9",""
"United Republic of Tanzania","1996","","","","Q1 (Poorest)","87.6",""
"United Republic of Tanzania","1996","","","","Q2","118.4",""
"United Republic of Tanzania","1996","","","","Q3","96.0",""
"United Republic of Tanzania","1996","","","","Q4","101.9",""
"United Republic of Tanzania","1996","","","","Q5 (Richest)","64.6",""
"Uzbekistan","1996","","","","Q1 (Poorest)","54.0",""
"Uzbekistan","1996","","","","Q2","40.2",""
"Uzbekistan","1996","","","","Q3","36.0",""
"Uzbekistan","1996","","","","Q4","39.4",""
"Uzbekistan","1996","","","","Q5 (Richest)","45.2",""
"Uzbekistan","1996","","","Urban","","42.3",""
"Uzbekistan","1996","","","Rural","","44.0",""
"Uzbekistan","1996","Male","","","","50.0",""
"Uzbekistan","1996","Female","","","","36.8",""
"Uzbekistan","1996","","Secondary or higher","","","43.5",""
"Viet Nam","2002","","","","Q1 (Poorest)","39.5",""
"Viet Nam","2002","","","","Q2","28.0",""
"Viet Nam","2002","","","","Q3","19.2",""
"Viet Nam","2002","","","","Q4","15.4",""
"Viet Nam","2002","","","","Q5 (Richest)","13.9",""
"Viet Nam","2002","","","Urban","","12.2",""
"Viet Nam","2002","","","Rural","","27.0",""
"Viet Nam","2002","Male","","","","24.5",""
"Viet Nam","2002","Female","","","","25.3",""
"Viet Nam","2002","","None","","","58.9",""
"Viet Nam","2002","","Primary","","","19.5",""
"Viet Nam","2002","","Secondary or higher","","","22.0",""
"Viet Nam","1997","Male","","","","42.2",""
"Viet Nam","1997","Female","","","","26.8",""
"Viet Nam","1997","","","","Q1 (Poorest)","43.0",""
"Viet Nam","1997","","","","Q2","43.2",""
"Viet Nam","1997","","","","Q3","35.5",""
"Viet Nam","1997","","","","Q4","27.1",""
"Viet Nam","1997","","","","Q5 (Richest)","17.1",""
"Viet Nam","1997","","None","","","48.3","1"
"Viet Nam","1997","","Primary","","","43.8",""
"Viet Nam","1997","","Secondary or higher","","","29.0",""
"Viet Nam","1997","","","Urban","","22.8",""
"Viet Nam","1997","","","Rural","","36.8",""
"Zambia","2007","","","Urban","","80.5",""
"Zambia","2007","","","Rural","","81.8",""
"Zambia","2007","Male","","","","90.6",""
"Zambia","2007","Female","","","","72.6",""
"Zambia","2007","","","","Q1 (Poorest)","68.8",""
"Zambia","2007","","","","Q2","93.8",""
"Zambia","2007","","","","Q3","89.0",""
"Zambia","2007","","","","Q4","78.6",""
"Zambia","2007","","","","Q5 (Richest)","74.9",""
"Zambia","2007","","None","","","85.7",""
"Zambia","2007","","Primary","","","84.0",""
"Zambia","2007","","Secondary or higher","","","70.9",""
"Zambia","2001","","","","Q1 (Poorest)","114.8",""
"Zambia","2001","","","","Q2","93.3",""
"Zambia","2001","","","","Q3","113.3",""
"Zambia","2001","","","","Q4","80.6",""
"Zambia","2001","","","","Q5 (Richest)","56.2",""
"Zambia","2001","","","Urban","","75.8",""
"Zambia","2001","","","Rural","","102.6",""
"Zambia","2001","","None","","","108.7",""
"Zambia","2001","","Primary","","","98.4",""
"Zambia","2001","","Secondary or higher","","","70.0",""
"Zambia","2001","Male","","","","94.7",""
"Zambia","2001","Female","","","","92.6",""
"Zambia","1996","","None","","","133.6",""
"Zambia","1996","","Primary","","","110.3",""
"Zambia","1996","","Secondary or higher","","","81.4",""
"Zambia","1996","Male","","","","116.3",""
"Zambia","1996","Female","","","","99.4",""
"Zambia","1996","","","Urban","","92.0",""
"Zambia","1996","","","Rural","","118.0",""
"Zambia","1996","","","","Q1 (Poorest)","123.8",""
"Zambia","1996","","","","Q2","131.5",""
"Zambia","1996","","","","Q3","105.1",""
"Zambia","1996","","","","Q4","104.5",""
"Zambia","1996","","","","Q5 (Richest)","69.3",""
"Zimbabwe","2010","Male","","","","64.6",""
"Zimbabwe","2010","Female","","","","44.4",""
"Zimbabwe","2010","","Primary","","","62.0",""
"Zimbabwe","2010","","Secondary or higher","","","50.6",""
"Zimbabwe","2010","","","Urban","","52.7",""
"Zimbabwe","2010","","","Rural","","55.2",""
"Zimbabwe","2010","","","","Q1 (Poorest)","55.1",""
"Zimbabwe","2010","","","","Q2","61.4",""
"Zimbabwe","2010","","","","Q3","57.4",""
"Zimbabwe","2010","","","","Q4","49.7",""
"Zimbabwe","2010","","","","Q5 (Richest)","47.5",""
"Zimbabwe","2005","","","Urban","","46.0",""
"Zimbabwe","2005","","","Rural","","50.9",""
"Zimbabwe","2005","Male","","","","51.0",""
"Zimbabwe","2005","Female","","","","47.9",""
"Zimbabwe","2005","","None","","","41.0",""
"Zimbabwe","2005","","Primary","","","51.9",""
"Zimbabwe","2005","","Secondary or higher","","","48.6",""
"Zimbabwe","2005","","","","Q1 (Poorest)","48.2",""
"Zimbabwe","2005","","","","Q2","59.4",""
"Zimbabwe","2005","","","","Q3","48.3",""
"Zimbabwe","2005","","","","Q4","45.5",""
"Zimbabwe","2005","","","","Q5 (Richest)","45.1",""
"Zimbabwe","1999","","","Urban","","47.6",""
"Zimbabwe","1999","","","Rural","","65.7",""
"Zimbabwe","1999","","None","","","82.2",""
"Zimbabwe","1999","","Primary","","","60.8",""
"Zimbabwe","1999","","Secondary or higher","","","54.4",""
"Zimbabwe","1999","","","","Q1 (Poorest)","59.6",""
"Zimbabwe","1999","","","","Q2","64.0",""
"Zimbabwe","1999","","","","Q3","67.2",""
"Zimbabwe","1999","","","","Q4","63.7",""
"Zimbabwe","1999","","","","Q5 (Richest)","44.8",""
"Zimbabwe","1999","Male","","","","63.4",""
"Zimbabwe","1999","Female","","","","56.7",""
"Zimbabwe","1994","","","Urban","","43.6",""
"Zimbabwe","1994","","","Rural","","53.1",""
"Zimbabwe","1994","","None","","","61.0",""
"Zimbabwe","1994","","Primary","","","53.4",""
"Zimbabwe","1994","","Secondary or higher","","","38.0",""
"Zimbabwe","1994","Male","","","","56.2",""
"Zimbabwe","1994","Female","","","","45.2",""
"Zimbabwe","1994","","","","Q1 (Poorest)","51.9",""
"Zimbabwe","1994","","","","Q2","48.5",""
"Zimbabwe","1994","","","","Q3","47.1",""
"Zimbabwe","1994","","","","Q4","64.7",""
"Zimbabwe","1994","","","","Q5 (Richest)","39.7",""
